{
  "best_params": {
    "window_size": 5,
    "alpha_ridge": 0.1,
    "beta": 0.9
  },
  "train_results": {
    "SPY": {
      "mae": 0.056355351204367896,
      "coverage": 0.05089820359281437
    },
    "NVDA": {
      "mae": 0.13124804809590818,
      "coverage": 0.038922155688622756
    },
    "GLD": {
      "mae": 0.06575397059073654,
      "coverage": 0.03592814371257485
    },
    "XOM": {
      "mae": 0.2144068915208973,
      "coverage": 0.038922155688622756
    },
    "JNJ": {
      "mae": 0.07642055568934776,
      "coverage": 0.04491017964071856
    }
  },
  "test_results": {
    "GOOGL": {
      "mae": 0.06863861324321771,
      "coverage": 0.06287425149700598
    },
    "MSFT": {
      "mae": 0.063692840072731,
      "coverage": 0.029940119760479042
    },
    "WMT": {
      "mae": 0.0511923670026513,
      "coverage": 0.041916167664670656
    },
    "COST": {
      "mae": 0.07130093813583879,
      "coverage": 0.05389221556886228
    },
    "USO": {
      "mae": 0.04473482992884915,
      "coverage": 0.0748502994011976
    },
    "CVX": {
      "mae": 0.1823022622001109,
      "coverage": 0.02694610778443114
    },
    "UNH": {
      "mae": 0.07439678345537958,
      "coverage": 0.0748502994011976
    }
  },
  "baseline_results": {
    "GOOGL": {
      "mae": 0.2711376335923716,
      "coverage": 0.27
    },
    "MSFT": {
      "mae": 0.1852109610321855,
      "coverage": 0.18
    },
    "WMT": {
      "mae": 0.15105859018291146,
      "coverage": 0.21
    },
    "COST": {
      "mae": 0.863591131322145,
      "coverage": 0.28
    },
    "USO": {
      "mae": 0.11393019045869669,
      "coverage": 0.31
    },
    "CVX": {
      "mae": 1.8044104351751984,
      "coverage": 0.1
    },
    "UNH": {
      "mae": 0.6651275849531605,
      "coverage": 0.14
    }
  },
  "improvement_pct": 86.28034957562618
}