{
  "best_params": {
    "window_size": 5,
    "alpha_ridge": 0.1,
    "beta": 0.9
  },
  "train_results": {
    "SPY": {
      "mae": 0.05543635009120728,
      "coverage": 0.8939620758483033
    },
    "NVDA": {
      "mae": 0.13292146611740469,
      "coverage": 0.8975798403193613
    },
    "GLD": {
      "mae": 0.06509421864249176,
      "coverage": 0.8905938123752495
    },
    "XOM": {
      "mae": 0.21692418880739223,
      "coverage": 0.8947105788423154
    },
    "JNJ": {
      "mae": 0.07054769893033168,
      "coverage": 0.8913423153692615
    }
  },
  "test_results": {
    "GOOGL": {
      "mae": 0.06828253364448736,
      "coverage": 0.8897205588822356
    },
    "MSFT": {
      "mae": 0.0637145582001509,
      "coverage": 0.8947105788423154
    },
    "WMT": {
      "mae": 0.05225431740865514,
      "coverage": 0.8869760479041916
    },
    "COST": {
      "mae": 0.07320963907961917,
      "coverage": 0.9001996007984032
    },
    "USO": {
      "mae": 0.04455378550083572,
      "coverage": 0.8879740518962076
    },
    "CVX": {
      "mae": 0.1840215631463642,
      "coverage": 0.8960828343313373
    },
    "UNH": {
      "mae": 0.07650568415066872,
      "coverage": 0.8997005988023952
    }
  },
  "baseline_results": {
    "GOOGL": {
      "mae": 0.21808319828792372,
      "coverage": 0.23
    },
    "MSFT": {
      "mae": 0.15771208573496093,
      "coverage": 0.25
    },
    "WMT": {
      "mae": 0.1446135495027866,
      "coverage": 0.27
    },
    "COST": {
      "mae": 0.8669011618300613,
      "coverage": 0.25
    },
    "USO": {
      "mae": 0.12751075795912628,
      "coverage": 0.25
    },
    "CVX": {
      "mae": 2.120519158956144,
      "coverage": 0.17
    },
    "UNH": {
      "mae": 1.7043963252052239,
      "coverage": 0.05
    }
  },
  "improvement_pct": 89.46498373491455
}